<?xml version="1.0" encoding="UTF-8"?>
<project-private xmlns="http://www.netbeans.org/ns/project-private/1">
    <editor-bookmarks xmlns="http://www.netbeans.org/ns/editor-bookmarks/2" lastBookmarkId="0"/>
    <open-files xmlns="http://www.netbeans.org/ns/projectui-open-files/2">
        <group>
            <file>file:/C:/Users/Eric/Documents/GitHub/ICT1004-Project-iBank/process_login.php</file>
            <file>file:/C:/Users/Eric/Documents/GitHub/ICT1004-Project-iBank/css/main.css</file>
            <file>file:/C:/Users/Eric/Documents/GitHub/ICT1004-Project-iBank/new_transaction.php</file>
            <file>file:/C:/Users/Eric/Documents/GitHub/ICT1004-Project-iBank/nav.inc.php</file>
            <file>file:/C:/Users/Eric/Documents/GitHub/ICT1004-Project-iBank/login.php</file>
        </group>
    </open-files>
</project-private>
